I,Capacity (MWh),Power (MW),Revenue ($)
D,45,30,858.4873606986658
D,75,50,1491.6647613288894
D,150,100,2861.6245356622208
D,750,500,14308.122678311101
D,1500,1000,28616.245356622203
