I,Capacity (MWh),Power (MW),Revenue ($)
D,45,30,49.20320354036694
D,75,50,82.01829281776253
D,150,100,164.04443226498637
D,750,500,820.2033993287068
D,1500,1000,1640.0750222487895
