I,Capacity (MWh),Power (MW),Revenue ($)
D,45,30,932.8739847467818
D,75,50,1554.78997457797
D,150,100,3109.57994915594
D,750,500,15547.899745779694
D,1500,1000,31095.799491559388
